Frequency,Angle of attack,Chord length,Free-stream velocity,Section side displacement thickness,Scaled Sound Pressure Level
3150,12.7,0.0254,39.6,0.013025299999999998,127.84700000000001
3150,4.0,0.3048,71.3,0.00497773,121.775
5000,2.0,0.2286,55.5,0.00313525,120.47200000000001
2000,5.4,0.1524,39.6,0.00485029,124.647
8000,4.8,0.0254,55.5,0.000873218,132.184
500,6.7,0.1016,55.5,0.0052139,129.343
1600,15.4,0.0508,55.5,0.0271925,128.2
250,4.0,0.2286,31.7,0.00509068,120.189
800,5.4,0.1524,31.7,0.00525474,131.491
5000,12.3,0.1016,55.5,0.0368233,112.014
400,3.0,0.3048,71.3,0.00425727,127.564
2000,9.5,0.0254,31.7,0.00461377,130.496
2500,3.3,0.1016,31.7,0.00251435,130.392
315,12.7,0.0254,71.3,0.012180799999999999,122.93799999999999
630,0.0,0.1016,71.3,0.00121072,124.155
3150,0.0,0.0508,71.3,0.000740478,135.07
1250,4.8,0.0254,39.6,0.000907475,125.02600000000001
10000,7.2,0.1524,39.6,0.00909175,110.868
10000,0.0,0.0254,39.6,0.00042846400000000004,133.376
2500,0.0,0.1016,71.3,0.00121072,132.595
1000,15.4,0.0508,31.7,0.028985300000000002,124.525
400,15.6,0.1016,71.3,0.0437259,134.058
315,0.0,0.2286,31.7,0.0027238,120.595
2500,17.4,0.0254,31.7,0.017663099999999998,124.166
1000,4.8,0.0254,39.6,0.000907475,122.956
6300,0.0,0.1524,55.5,0.00172668,123.303
1600,4.8,0.0254,39.6,0.000907475,125.96600000000001
1250,12.3,0.1016,31.7,0.0418756,118.76700000000001
250,17.4,0.0254,71.3,0.016104,113.796
1000,9.9,0.1524,39.6,0.0233328,123.835
800,12.6,0.1524,71.3,0.0483159,123.054
10000,5.3,0.2286,71.3,0.0051942,111.35
630,2.0,0.2286,71.3,0.00293031,127.35600000000001
1250,15.4,0.0508,55.5,0.0271925,130.0
630,0.0,0.1016,39.6,0.00146332,125.40100000000001
800,4.0,0.3048,71.3,0.00497773,131.755
6300,4.0,0.2286,71.3,0.00400603,118.618
200,17.4,0.0254,55.5,0.016570599999999998,109.95100000000001
800,9.5,0.0254,31.7,0.00461377,130.746
1250,0.0,0.1016,55.5,0.00131983,131.43
500,9.9,0.1524,55.5,0.0208438,127.815
800,4.0,0.2286,39.6,0.00473801,130.469
1000,3.0,0.3048,55.5,0.00452492,129.329
2000,9.9,0.1524,71.3,0.019300099999999997,120.779
5000,7.3,0.2286,55.5,0.011170600000000001,113.14399999999999
400,5.4,0.1524,55.5,0.00433288,126.807
2000,7.2,0.1524,71.3,0.00752039,128.643
2500,22.2,0.0254,39.6,0.022902799999999997,121.306
2000,4.2,0.0508,39.6,0.00152689,132.58700000000002
3150,15.4,0.0508,31.7,0.028985300000000002,118.045
5000,9.5,0.0254,55.5,0.0043284,128.412
630,6.7,0.1016,31.7,0.00592927,132.116
6300,12.3,0.1016,55.5,0.0368233,110.124
1600,0.0,0.3048,31.7,0.00331266,122.365
3150,0.0,0.2286,39.6,0.00253511,124.625
800,3.0,0.3048,55.5,0.00452492,129.94899999999998
1250,7.2,0.1524,71.3,0.00752039,132.513
2000,6.7,0.1016,55.5,0.0052139,129.653
4000,22.2,0.0254,71.3,0.0214178,123.917
2000,17.4,0.0254,55.5,0.016570599999999998,125.26100000000001
8000,4.0,0.3048,71.3,0.00497773,113.665
315,12.3,0.1016,55.5,0.0368233,135.674
8000,0.0,0.1016,39.6,0.00146332,122.34100000000001
2500,7.3,0.2286,31.7,0.0132672,114.709
2500,0.0,0.1016,39.6,0.00146332,132.611
500,12.3,0.1016,55.5,0.0368233,133.774
1000,12.3,0.1016,71.3,0.033779199999999995,127.928
3150,0.0,0.1524,39.6,0.00193287,125.603
5000,8.9,0.1016,71.3,0.0103088,116.723
1600,12.6,0.1524,71.3,0.0483159,120.53399999999999
2500,0.0,0.3048,39.6,0.00310138,121.399
500,7.3,0.2286,31.7,0.0132672,128.16899999999998
250,15.4,0.0508,39.6,0.0282593,122.89299999999999
3150,0.0,0.0508,31.7,0.000812164,135.49
250,7.3,0.2286,55.5,0.011170600000000001,136.384
500,3.0,0.3048,39.6,0.00495741,127.632
4000,17.4,0.0254,31.7,0.017663099999999998,121.99600000000001
1600,11.2,0.0508,71.3,0.014072,135.191
800,6.7,0.1016,31.7,0.00592927,132.886
6300,4.8,0.0254,71.3,0.000848633,134.498
500,5.4,0.1524,39.6,0.00485029,129.937
2500,15.4,0.0508,71.3,0.0264269,127.625
1000,9.9,0.1524,55.5,0.0208438,124.665
800,9.5,0.0254,71.3,0.00420654,127.206
4000,12.3,0.1016,31.7,0.0418756,108.40700000000001
1000,3.0,0.3048,31.7,0.00529514,126.838
1600,19.7,0.0508,39.6,0.036483999999999996,117.604
3150,19.7,0.0508,39.6,0.036483999999999996,113.00399999999999
5000,4.0,0.2286,39.6,0.00473801,117.649
630,11.2,0.0508,39.6,0.015047799999999998,133.13
500,15.4,0.0508,31.7,0.028985300000000002,123.695
1250,15.6,0.1016,71.3,0.0437259,123.178
500,9.9,0.1524,39.6,0.0233328,126.835
2500,7.3,0.2286,55.5,0.011170600000000001,118.994
250,11.2,0.0508,39.6,0.015047799999999998,126.43
3150,5.4,0.1524,55.5,0.00433288,121.587
1000,11.2,0.0508,71.3,0.014072,136.941
1250,11.2,0.0508,71.3,0.014072,136.191
2000,0.0,0.1016,31.7,0.00150092,133.153
630,22.2,0.0254,71.3,0.0214178,120.65700000000001
6300,4.2,0.0508,71.3,0.00142788,129.308
250,9.9,0.1524,31.7,0.0252785,128.559
1000,2.7,0.1524,71.3,0.00243851,128.774
2000,15.4,0.0508,31.7,0.028985300000000002,120.835
800,8.9,0.1016,71.3,0.0103088,137.813
4000,12.3,0.1016,55.5,0.0368233,114.404
1600,3.0,0.3048,39.6,0.00495741,122.78200000000001
800,5.4,0.1524,55.5,0.00433288,133.097
200,12.3,0.1016,71.3,0.033779199999999995,130.588
630,7.3,0.2286,31.7,0.0132672,126.189
315,19.7,0.0508,39.6,0.036483999999999996,129.864
10000,2.7,0.1524,39.6,0.00294804,112.589
4000,12.3,0.1016,39.6,0.0408268,110.905
1000,6.7,0.1016,71.3,0.00478288,136.75799999999998
4000,15.4,0.0508,39.6,0.0282593,118.113
500,5.4,0.1524,71.3,0.00401199,126.291
2500,4.2,0.0508,39.6,0.00152689,133.847
200,11.2,0.0508,71.3,0.014072,125.941
10000,3.3,0.1016,55.5,0.002211,115.65899999999999
8000,1.5,0.3048,71.3,0.00336729,115.37200000000001
200,12.3,0.1016,39.6,0.0408268,128.545
400,5.3,0.2286,39.6,0.00614329,131.221
1000,5.4,0.1524,31.7,0.00525474,128.241
2000,9.9,0.1524,31.7,0.0252785,116.859
12500,0.0,0.1016,71.3,0.00121072,119.375
400,8.4,0.0508,31.7,0.00580776,120.07600000000001
1000,2.0,0.2286,71.3,0.00293031,128.95600000000002
1000,12.3,0.1016,31.7,0.0418756,119.777
5000,8.4,0.0508,55.5,0.00544854,115.81200000000001
3150,17.4,0.0254,71.3,0.016104,126.536
3150,12.3,0.1016,31.7,0.0418756,110.307
6300,7.3,0.2286,31.7,0.0132672,110.689
315,11.2,0.0508,71.3,0.014072,128.381
8000,4.0,0.2286,39.6,0.00473801,113.12899999999999
400,15.4,0.0508,71.3,0.0264269,126.805
630,4.0,0.2286,71.3,0.00400603,129.03799999999998
2000,9.5,0.0254,39.6,0.00449821,131.274
200,12.6,0.1524,71.3,0.0483159,128.35399999999998
3150,12.6,0.1524,39.6,0.058411300000000006,106.26
500,6.7,0.1016,39.6,0.00578076,130.955
1250,0.0,0.1016,71.3,0.00121072,130.335
2500,9.9,0.1524,71.3,0.019300099999999997,119.639
630,6.7,0.1016,71.3,0.00478288,131.44799999999998
1000,12.6,0.1524,71.3,0.0483159,122.044
1000,0.0,0.3048,71.3,0.00266337,125.20100000000001
400,11.2,0.0508,71.3,0.014072,129.281
3150,0.0,0.2286,31.7,0.0027238,123.445
12500,0.0,0.3048,39.6,0.00310138,109.619
1000,8.4,0.0508,71.3,0.00529514,129.946
12500,0.0,0.3048,55.5,0.00283081,111.07600000000001
800,17.4,0.0254,55.5,0.016570599999999998,123.09100000000001
2000,5.4,0.1524,31.7,0.00525474,122.771
5000,9.9,0.1524,39.6,0.0233328,111.135
3150,0.0,0.0254,71.3,0.00040068199999999997,137.007
3150,5.3,0.2286,39.6,0.00614329,118.441
1000,0.0,0.0508,71.3,0.000740478,129.45
1250,17.4,0.0254,39.6,0.0172206,131.364
800,0.0,0.1524,31.7,0.00209405,129.11700000000002
3150,3.0,0.3048,31.7,0.00529514,118.10799999999999
1600,4.0,0.2286,55.5,0.0042861999999999996,128.264
2000,7.3,0.2286,39.6,0.0123481,117.809
1600,3.3,0.1016,71.3,0.00202822,133.664
2000,4.0,0.2286,55.5,0.0042861999999999996,124.25399999999999
400,7.2,0.1524,71.3,0.00752039,130.123
1000,22.2,0.0254,39.6,0.022902799999999997,128.416
5000,4.8,0.0254,31.7,0.0009307889999999999,135.248
1250,0.0,0.0508,55.5,0.00076193,127.07600000000001
2500,19.7,0.0508,71.3,0.034118300000000004,118.385
5000,0.0,0.3048,71.3,0.00266337,121.301
4000,5.4,0.1524,55.5,0.00433288,119.73700000000001
4000,0.0,0.1016,55.5,0.00131983,129.5
3150,0.0,0.1016,71.3,0.00121072,131.955
800,8.9,0.1016,39.6,0.012459600000000001,130.94
200,17.4,0.0254,39.6,0.0172206,114.044
2500,9.5,0.0254,31.7,0.00461377,130.086
2000,0.0,0.1524,55.5,0.00172668,129.673
315,4.0,0.3048,71.3,0.00497773,128.175
5000,17.4,0.0254,39.6,0.0172206,119.854
12500,0.0,0.1524,71.3,0.0015988,117.087
3150,0.0,0.2286,71.3,0.00214345,127.834
12500,4.8,0.0254,55.5,0.000873218,125.094
630,12.3,0.1016,39.6,0.0408268,121.315
5000,0.0,0.0508,31.7,0.000812164,133.23
2500,12.3,0.1016,71.3,0.033779199999999995,121.318
400,22.2,0.0254,39.6,0.022902799999999997,123.416
800,5.4,0.1524,71.3,0.00401199,131.281
6300,9.9,0.1524,39.6,0.0233328,109.885
5000,17.4,0.0254,71.3,0.016104,123.126
500,6.7,0.1016,31.7,0.00592927,130.20600000000002
800,4.0,0.3048,39.6,0.00579636,130.72299999999998
5000,2.7,0.1524,71.3,0.00243851,124.36399999999999
630,0.0,0.2286,31.7,0.0027238,129.465
630,6.7,0.1016,39.6,0.00578076,133.355
500,0.0,0.3048,39.6,0.00310138,126.959
500,19.7,0.0508,39.6,0.036483999999999996,128.444
200,12.3,0.1016,55.5,0.0368233,132.304
1250,0.0,0.1016,31.7,0.00150092,133.063
1000,2.0,0.2286,39.6,0.00346574,129.14700000000002
1600,0.0,0.3048,39.6,0.00310138,124.04899999999999
8000,4.8,0.0254,31.7,0.0009307889999999999,127.008
1600,5.3,0.2286,39.6,0.00614329,123.081
2000,0.0,0.0508,31.7,0.000812164,133.01
1600,15.6,0.1016,71.3,0.0437259,121.52799999999999
630,9.9,0.1524,39.6,0.0233328,126.465
6300,4.0,0.2286,39.6,0.00473801,114.249
4000,12.6,0.1524,39.6,0.058411300000000006,104.5
3150,15.4,0.0508,71.3,0.0264269,125.715
2500,12.7,0.0254,39.6,0.013025299999999998,129.02700000000002
800,8.4,0.0508,55.5,0.00544854,128.562
5000,15.6,0.1016,39.6,0.0528487,106.22399999999999
250,4.0,0.3048,71.3,0.00497773,126.395
3150,8.4,0.0508,55.5,0.00544854,128.40200000000002
3150,2.0,0.2286,39.6,0.00346574,121.62700000000001
2000,11.2,0.0508,71.3,0.014072,133.311
800,15.4,0.0508,55.5,0.0271925,130.43
1000,4.8,0.0254,31.7,0.0009307889999999999,125.348
3150,9.9,0.1524,39.6,0.0233328,113.525
630,9.9,0.1524,71.3,0.019300099999999997,129.889
800,7.3,0.2286,71.3,0.010440399999999999,130.748
2500,0.0,0.0508,71.3,0.000740478,131.31
250,19.7,0.0508,39.6,0.036483999999999996,127.22399999999999
630,2.0,0.2286,39.6,0.00346574,127.417
4000,0.0,0.0254,31.7,0.000439472,137.047
1250,17.4,0.0254,55.5,0.016570599999999998,129.30100000000002
8000,22.2,0.0254,71.3,0.0214178,121.65700000000001
315,12.6,0.1524,71.3,0.0483159,128.484
4000,0.0,0.0508,71.3,0.000740478,134.43
2500,4.0,0.2286,39.6,0.00473801,119.649
400,2.0,0.2286,31.7,0.00372371,123.417
3150,12.3,0.1016,55.5,0.0368233,116.914
400,8.4,0.0508,55.5,0.00544854,121.58200000000001
10000,4.2,0.0508,71.3,0.00142788,121.238
5000,0.0,0.1016,39.6,0.00146332,126.021
3150,9.5,0.0254,39.6,0.00449821,129.934
4000,9.5,0.0254,71.3,0.00420654,134.236
16000,0.0,0.1524,71.3,0.0015988,113.29700000000001
800,0.0,0.3048,31.7,0.00331266,129.235
400,12.6,0.1524,39.6,0.058411300000000006,115.91
6300,7.3,0.2286,39.6,0.0123481,110.839
800,22.2,0.0254,71.3,0.0214178,123.227
630,3.3,0.1016,31.7,0.00251435,128.952
10000,0.0,0.0254,31.7,0.000439472,134.227
12500,0.0,0.0254,31.7,0.000439472,128.977
1600,3.0,0.3048,71.3,0.00425727,126.514
8000,0.0,0.0254,71.3,0.00040068199999999997,129.86700000000002
2500,5.4,0.1524,31.7,0.00525474,119.15100000000001
250,7.3,0.2286,31.7,0.0132672,130.089
2000,8.4,0.0508,39.6,0.00566229,129.965
4000,9.5,0.0254,55.5,0.0043284,131.582
630,9.9,0.1524,55.5,0.0208438,127.315
1250,8.4,0.0508,71.3,0.00529514,132.086
800,9.5,0.0254,55.5,0.0043284,128.082
1600,6.7,0.1016,71.3,0.00478288,136.678
1600,17.4,0.0254,55.5,0.016570599999999998,126.471
2000,5.4,0.1524,71.3,0.00401199,131.111
500,2.0,0.2286,39.6,0.00346574,125.15700000000001
4000,0.0,0.1524,39.6,0.00193287,125.34299999999999
1000,9.5,0.0254,55.5,0.0043284,130.332
10000,0.0,0.1016,39.6,0.00146332,119.561
315,4.0,0.3048,39.6,0.00579636,126.84299999999999
315,5.4,0.1524,31.7,0.00525474,125.741
3150,2.0,0.2286,31.7,0.00372371,121.527
500,17.4,0.0254,31.7,0.017663099999999998,127.676
1000,15.6,0.1016,39.6,0.0528487,119.22399999999999
5000,4.2,0.0508,39.6,0.00152689,129.77700000000002
4000,4.8,0.0254,71.3,0.000848633,134.928
6300,2.0,0.2286,55.5,0.00313525,118.712
250,9.5,0.0254,39.6,0.00449821,116.92399999999999
315,4.0,0.2286,39.6,0.00473801,122.229
1250,0.0,0.0508,39.6,0.000791822,129.148
315,15.4,0.0508,71.3,0.0264269,126.195
5000,3.0,0.3048,55.5,0.00452492,117.309
1000,0.0,0.0508,31.7,0.000812164,126.78
1600,9.9,0.1524,55.5,0.0208438,119.875
2000,5.3,0.2286,39.6,0.00614329,117.911
400,0.0,0.3048,31.7,0.00331266,125.045
1600,17.4,0.0254,31.7,0.017663099999999998,126.846
3150,0.0,0.1016,55.5,0.00131983,131.78
3150,0.0,0.3048,31.7,0.00331266,119.135
5000,0.0,0.3048,39.6,0.00310138,117.789
16000,1.5,0.3048,71.3,0.00336729,106.58200000000001
3150,12.7,0.0254,71.3,0.012180799999999999,133.75799999999998
800,0.0,0.1524,55.5,0.00172668,126.713
8000,0.0,0.1524,31.7,0.00209405,117.95700000000001
200,7.3,0.2286,71.3,0.010440399999999999,138.75799999999998
800,12.3,0.1016,31.7,0.0418756,120.037
1250,4.0,0.2286,55.5,0.0042861999999999996,131.264
1000,2.0,0.2286,55.5,0.00313525,129.002
2500,0.0,0.0508,55.5,0.00076193,133.95600000000002
1000,11.2,0.0508,39.6,0.015047799999999998,132.43
12500,4.0,0.3048,71.3,0.00497773,107.405
200,0.0,0.3048,31.7,0.00331266,117.195
6300,9.9,0.1524,71.3,0.019300099999999997,112.039
6300,2.0,0.2286,71.3,0.00293031,120.786
800,8.4,0.0508,71.3,0.00529514,127.556
6300,2.7,0.1524,71.3,0.00243851,121.944
400,6.7,0.1016,39.6,0.00578076,128.295
4000,9.5,0.0254,31.7,0.00461377,126.736
630,15.4,0.0508,71.3,0.0264269,129.645
1000,4.2,0.0508,39.6,0.00152689,125.647
2000,0.0,0.1016,55.5,0.00131983,132.54
1600,0.0,0.0508,55.5,0.00076193,128.576
1000,3.0,0.3048,39.6,0.00495741,128.312
4000,4.0,0.3048,71.3,0.00497773,119.535
2500,5.4,0.1524,71.3,0.00401199,127.59100000000001
1000,1.5,0.3048,71.3,0.00336729,125.992
2500,0.0,0.0254,71.3,0.00040068199999999997,133.707
5000,8.9,0.1016,39.6,0.012459600000000001,113.08
6300,3.0,0.3048,31.7,0.00529514,109.71799999999999
3150,17.4,0.0254,39.6,0.0172206,123.564
4000,5.4,0.1524,31.7,0.00525474,116.181
3150,3.0,0.3048,55.5,0.00452492,120.189
4000,0.0,0.1016,39.6,0.00146332,127.801
3150,0.0,0.0254,39.6,0.00042846400000000004,133.276
1600,3.0,0.3048,55.5,0.00452492,124.439
400,7.3,0.2286,31.7,0.0132672,130.269
400,9.5,0.0254,31.7,0.00461377,124.756
400,3.0,0.3048,31.7,0.00529514,125.398
1000,0.0,0.1524,71.3,0.0015988,127.307
1000,6.7,0.1016,55.5,0.0052139,137.233
800,4.0,0.2286,55.5,0.0042861999999999996,131.864
400,4.0,0.2286,55.5,0.0042861999999999996,123.274
4000,12.7,0.0254,71.3,0.012180799999999999,131.808
630,8.4,0.0508,39.6,0.00566229,126.045
8000,15.4,0.0508,71.3,0.0264269,112.675
630,4.0,0.2286,55.5,0.0042861999999999996,129.964
200,0.0,0.3048,39.6,0.00310138,118.12899999999999
3150,0.0,0.2286,55.5,0.00229336,125.16
500,2.7,0.1524,39.6,0.00294804,121.009
2500,0.0,0.0254,39.6,0.00042846400000000004,131.836
500,9.9,0.1524,71.3,0.019300099999999997,131.279
2000,17.4,0.0254,71.3,0.016104,126.82600000000001
10000,0.0,0.0508,71.3,0.000740478,128.74
500,4.0,0.2286,55.5,0.0042861999999999996,127.314
500,7.2,0.1524,39.6,0.00909175,132.658
6300,0.0,0.2286,31.7,0.0027238,116.815
12500,0.0,0.0508,39.6,0.000791822,123.988
3150,1.5,0.3048,71.3,0.00336729,123.39200000000001
1250,8.4,0.0508,31.7,0.00580776,130.156
1250,9.5,0.0254,31.7,0.00461377,131.446
800,12.7,0.0254,71.3,0.012180799999999999,130.34799999999998
800,4.0,0.2286,71.3,0.00400603,130.688
500,9.9,0.1524,31.7,0.0252785,127.179
5000,12.7,0.0254,71.3,0.012180799999999999,128.97799999999998
2500,3.0,0.3048,71.3,0.00425727,124.024
4000,1.5,0.3048,71.3,0.00336729,121.762
3150,4.2,0.0508,71.3,0.00142788,133.72799999999998
800,6.7,0.1016,39.6,0.00578076,134.625
2000,9.5,0.0254,55.5,0.0043284,134.05200000000002
6300,0.0,0.2286,39.6,0.00253511,117.465
200,15.4,0.0508,71.3,0.0264269,123.595
8000,5.3,0.2286,71.3,0.0051942,114.9
5000,15.4,0.0508,31.7,0.028985300000000002,112.355
8000,3.3,0.1016,39.6,0.00245138,118.09100000000001
1600,2.0,0.2286,71.3,0.00293031,127.796
6300,0.0,0.0254,31.7,0.000439472,138.537
630,15.4,0.0508,55.5,0.0271925,129.33
2500,12.6,0.1524,39.6,0.058411300000000006,106.88
500,7.3,0.2286,71.3,0.010440399999999999,136.798
630,3.0,0.3048,39.6,0.00495741,129.292
315,7.2,0.1524,39.6,0.00909175,130.558
315,2.0,0.2286,31.7,0.00372371,120.147
1600,0.0,0.1524,71.3,0.0015988,129.667
1000,6.7,0.1016,39.6,0.00578076,134.515
4000,8.9,0.1016,71.3,0.0103088,120.243
1000,0.0,0.3048,55.5,0.00283081,126.96600000000001
1000,12.7,0.0254,39.6,0.013025299999999998,130.947
1000,7.3,0.2286,39.6,0.0123481,122.539
2500,9.5,0.0254,55.5,0.0043284,134.15200000000002
2000,0.0,0.3048,55.5,0.00283081,126.616
2500,3.3,0.1016,39.6,0.00245138,130.791
1600,19.7,0.0508,71.3,0.034118300000000004,120.575
2500,0.0,0.2286,71.3,0.00214345,128.35399999999998
5000,2.0,0.2286,39.6,0.00346574,118.82700000000001
2500,1.5,0.3048,39.6,0.00392107,120.98100000000001
800,4.0,0.2286,31.7,0.00509068,130.869
1000,4.0,0.2286,55.5,0.0042861999999999996,132.134
2500,0.0,0.3048,71.3,0.00266337,125.571
630,12.6,0.1524,39.6,0.058411300000000006,116.55
315,9.9,0.1524,39.6,0.0233328,128.595
2500,6.7,0.1016,71.3,0.00478288,131.458
315,22.2,0.0254,71.3,0.0214178,115.85700000000001
10000,0.0,0.3048,55.5,0.00283081,113.07600000000001
20000,0.0,0.2286,71.3,0.00214345,114.47399999999999
200,8.9,0.1016,39.6,0.012459600000000001,133.42
400,9.5,0.0254,55.5,0.0043284,120.95200000000001
250,12.3,0.1016,39.6,0.0408268,129.675
1600,9.9,0.1524,31.7,0.0252785,117.119
4000,3.0,0.3048,39.6,0.00495741,116.792
800,7.3,0.2286,39.6,0.0123481,126.29899999999999
1000,3.3,0.1016,55.5,0.002211,131.129
6300,8.9,0.1016,39.6,0.012459600000000001,113.11
5000,2.7,0.1524,39.6,0.00294804,121.499
8000,0.0,0.1524,39.6,0.00193287,120.553
10000,0.0,0.3048,71.3,0.00266337,115.391
3150,8.4,0.0508,31.7,0.00580776,122.086
400,4.0,0.2286,31.7,0.00509068,126.149
1250,12.7,0.0254,39.6,0.013025299999999998,130.77700000000002
8000,4.0,0.2286,55.5,0.0042861999999999996,112.524
200,11.2,0.0508,39.6,0.015047799999999998,125.01
1000,0.0,0.3048,39.6,0.00310138,127.899
20000,4.8,0.0254,55.5,0.000873218,121.28399999999999
1000,0.0,0.0508,55.5,0.00076193,125.586
500,0.0,0.3048,55.5,0.00283081,126.416
250,12.7,0.0254,39.6,0.013025299999999998,121.54700000000001
3150,4.0,0.2286,71.3,0.00400603,124.10799999999999
12500,0.0,0.1016,55.5,0.00131983,119.91
4000,4.0,0.3048,39.6,0.00579636,115.863
6300,0.0,0.0508,31.7,0.000812164,130.34
1600,4.8,0.0254,55.5,0.000873218,121.47399999999999
2500,7.2,0.1524,71.3,0.00752039,124.353
1600,17.4,0.0254,71.3,0.016104,126.406
6300,5.4,0.1524,55.5,0.00433288,117.287
800,12.6,0.1524,39.6,0.058411300000000006,116.56
2500,4.0,0.3048,71.3,0.00497773,123.775
2000,1.5,0.3048,39.6,0.00392107,122.101
2500,19.7,0.0508,39.6,0.036483999999999996,116.184
2000,15.6,0.1016,39.6,0.0528487,110.89399999999999
3150,2.7,0.1524,39.6,0.00294804,122.919
3150,4.8,0.0254,39.6,0.000907475,133.436
250,17.4,0.0254,39.6,0.0172206,114.714
400,5.4,0.1524,71.3,0.00401199,124.12100000000001
1600,0.0,0.1016,39.6,0.00146332,133.261
2000,4.0,0.2286,71.3,0.00400603,126.21799999999999
500,9.5,0.0254,39.6,0.00449821,123.89399999999999
1600,0.0,0.1524,39.6,0.00193287,131.013
2000,6.7,0.1016,31.7,0.00592927,120.446
1600,1.5,0.3048,71.3,0.00336729,126.632
8000,7.2,0.1524,39.6,0.00909175,111.588
400,3.0,0.3048,55.5,0.00452492,126.15899999999999
400,2.0,0.2286,55.5,0.00313525,122.292
5000,0.0,0.0254,31.7,0.000439472,138.607
2000,0.0,0.1524,71.3,0.0015988,128.64700000000002
1000,15.4,0.0508,71.3,0.0264269,131.865
8000,12.7,0.0254,71.3,0.012180799999999999,120.538
1000,1.5,0.3048,39.6,0.00392107,127.581
5000,12.3,0.1016,71.3,0.033779199999999995,116.10799999999999
400,12.3,0.1016,55.5,0.0368233,136.414
1250,1.5,0.3048,39.6,0.00392107,125.211
4000,0.0,0.0254,39.6,0.00042846400000000004,135.346
2500,0.0,0.0254,31.7,0.000439472,132.89700000000002
8000,0.0,0.1524,55.5,0.00172668,121.90299999999999
1000,17.4,0.0254,31.7,0.017663099999999998,131.796
16000,2.7,0.1524,71.3,0.00243851,110.36399999999999
630,12.6,0.1524,71.3,0.0483159,123.304
16000,4.8,0.0254,55.5,0.000873218,124.39399999999999
4000,7.3,0.2286,55.5,0.011170600000000001,117.28399999999999
2000,3.0,0.3048,55.5,0.00452492,123.069
400,9.5,0.0254,39.6,0.00449821,121.154
1250,3.3,0.1016,39.6,0.00245138,133.211
5000,7.3,0.2286,39.6,0.0123481,111.959
4000,5.4,0.1524,71.3,0.00401199,121.431
1250,0.0,0.0508,31.7,0.000812164,129.27
12500,2.7,0.1524,39.6,0.00294804,108.649
8000,4.2,0.0508,71.3,0.00142788,125.26799999999999
250,15.6,0.1016,39.6,0.0528487,124.64399999999999
6300,0.0,0.0508,39.6,0.000791822,131.918
2000,22.2,0.0254,39.6,0.022902799999999997,121.256
4000,0.0,0.2286,31.7,0.0027238,122.035
1250,4.0,0.2286,39.6,0.00473801,128.339
500,4.0,0.3048,39.6,0.00579636,130.173
200,7.3,0.2286,39.6,0.0123481,130.989
1600,2.0,0.2286,31.7,0.00372371,125.79700000000001
800,3.3,0.1016,55.5,0.002211,129.119
2500,2.7,0.1524,71.3,0.00243851,128.334
800,15.6,0.1016,39.6,0.0528487,118.964
200,19.7,0.0508,71.3,0.034118300000000004,118.005
2500,0.0,0.0508,31.7,0.000812164,134.87
1600,5.4,0.1524,55.5,0.00433288,130.567
5000,0.0,0.0254,39.6,0.00042846400000000004,136.536
5000,12.3,0.1016,31.7,0.0418756,107.147
10000,0.0,0.1016,71.3,0.00121072,123.305
800,17.4,0.0254,31.7,0.017663099999999998,139.226
5000,4.8,0.0254,39.6,0.000907475,135.42600000000002
1000,4.0,0.2286,71.3,0.00400603,131.708
2500,12.3,0.1016,31.7,0.0418756,110.31700000000001
630,0.0,0.2286,39.6,0.00253511,128.705
5000,4.2,0.0508,71.3,0.00142788,132.828
10000,0.0,0.2286,71.3,0.00214345,118.134
5000,0.0,0.1524,31.7,0.00209405,122.397
400,1.5,0.3048,39.6,0.00392107,124.001
3150,9.9,0.1524,55.5,0.0208438,115.085
4000,0.0,0.3048,39.6,0.00310138,119.229
800,7.3,0.2286,55.5,0.011170600000000001,128.444
400,11.2,0.0508,39.6,0.015047799999999998,130.67
1000,0.0,0.1016,31.7,0.00150092,131.313
1250,0.0,0.3048,55.5,0.00283081,126.086
4000,19.7,0.0508,71.3,0.034118300000000004,113.045
1600,0.0,0.0254,31.7,0.000439472,129.267
1250,12.3,0.1016,39.6,0.0408268,121.165
3150,22.2,0.0254,39.6,0.022902799999999997,120.85600000000001
2000,7.3,0.2286,31.7,0.0132672,115.309
20000,4.8,0.0254,71.3,0.000848633,119.708
400,5.3,0.2286,71.3,0.0051942,127.7
315,9.5,0.0254,31.7,0.00461377,122.766
1600,12.3,0.1016,55.5,0.0368233,121.824
4000,5.3,0.2286,71.3,0.0051942,120.33
1600,0.0,0.2286,39.6,0.00253511,127.095
1600,0.0,0.0254,39.6,0.00042846400000000004,124.156
4000,0.0,0.0508,55.5,0.00076193,134.946
2000,4.0,0.2286,31.7,0.00509068,122.089
500,15.4,0.0508,39.6,0.0282593,125.963
400,8.9,0.1016,71.3,0.0103088,138.123
5000,9.9,0.1524,31.7,0.0252785,109.949
630,2.7,0.1524,39.6,0.00294804,125.809
10000,4.8,0.0254,55.5,0.000873218,126.944
1000,0.0,0.2286,31.7,0.0027238,130.595
2000,9.9,0.1524,55.5,0.0208438,119.505
800,1.5,0.3048,39.6,0.00392107,128.83100000000002
5000,0.0,0.2286,31.7,0.0027238,120.505
1250,4.0,0.3048,39.6,0.00579636,126.34299999999999
2000,2.7,0.1524,39.6,0.00294804,128.139
1600,4.0,0.2286,39.6,0.00473801,125.319
4000,0.0,0.0508,39.6,0.000791822,135.308
4000,4.2,0.0508,39.6,0.00152689,131.80700000000002
2500,4.8,0.0254,71.3,0.000848633,130.828
3150,8.4,0.0508,71.3,0.00529514,131.966
6300,12.6,0.1524,39.6,0.058411300000000006,103.38
10000,4.2,0.0508,39.6,0.00152689,116.96700000000001
4000,8.9,0.1016,39.6,0.012459600000000001,116.22
3150,4.8,0.0254,31.7,0.0009307889999999999,134.268
630,2.7,0.1524,71.3,0.00243851,127.404
3150,5.3,0.2286,71.3,0.0051942,123.12
4000,17.4,0.0254,71.3,0.016104,125.586
630,7.3,0.2286,71.3,0.010440399999999999,133.768
315,12.3,0.1016,71.3,0.033779199999999995,137.06799999999998
6300,12.6,0.1524,71.3,0.0483159,107.28399999999999
400,12.3,0.1016,39.6,0.0408268,128.265
4000,2.0,0.2286,55.5,0.00313525,122.23200000000001
1250,8.4,0.0508,39.6,0.00566229,131.205
315,19.7,0.0508,71.3,0.034118300000000004,121.235
5000,0.0,0.3048,31.7,0.00331266,115.645
2500,0.0,0.3048,31.7,0.00331266,120.755
5000,3.0,0.3048,71.3,0.00425727,118.134
500,4.0,0.2286,39.6,0.00473801,127.039
5000,4.0,0.2286,31.7,0.00509068,115.969
3150,0.0,0.3048,39.6,0.00310138,120.319
2500,6.7,0.1016,55.5,0.0052139,124.273
8000,0.0,0.1016,31.7,0.00150092,120.193
1600,0.0,0.1524,55.5,0.00172668,130.183
3150,7.2,0.1524,71.3,0.00752039,116.78299999999999
1250,5.4,0.1524,55.5,0.00433288,130.77700000000002
2500,2.0,0.2286,71.3,0.00293031,127.006
315,7.3,0.2286,31.7,0.0132672,130.239
6300,7.3,0.2286,55.5,0.011170600000000001,111.53399999999999
315,5.3,0.2286,39.6,0.00614329,129.691
800,9.9,0.1524,31.7,0.0252785,125.539
1250,8.9,0.1016,39.6,0.012459600000000001,127.71
800,0.0,0.2286,39.6,0.00253511,130.205
2000,8.9,0.1016,71.3,0.0103088,124.23299999999999
500,0.0,0.3048,31.7,0.00331266,127.315
1600,7.3,0.2286,39.6,0.0123481,121.059
6300,4.8,0.0254,39.6,0.000907475,134.336
2500,0.0,0.0254,55.5,0.00041229,130.07299999999998
5000,3.0,0.3048,31.7,0.00529514,113.85799999999999
630,12.3,0.1016,71.3,0.033779199999999995,135.368
1250,7.3,0.2286,55.5,0.011170600000000001,125.72399999999999
1600,2.0,0.2286,39.6,0.00346574,125.837
5000,0.0,0.2286,55.5,0.00229336,122.41
500,2.0,0.2286,55.5,0.00313525,124.69200000000001
4000,0.0,0.0254,55.5,0.00041229,133.22299999999998
1600,15.4,0.0508,31.7,0.028985300000000002,121.485
8000,0.0,0.0254,39.6,0.00042846400000000004,135.866
2000,4.0,0.2286,39.6,0.00473801,121.65899999999999
12500,4.2,0.0508,71.3,0.00142788,117.32799999999999
1250,0.0,0.2286,39.6,0.00253511,129.395
500,7.3,0.2286,55.5,0.011170600000000001,133.174
4000,0.0,0.0254,71.3,0.00040068199999999997,138.55700000000002
4000,15.4,0.0508,55.5,0.0271925,120.92
315,7.3,0.2286,71.3,0.010440399999999999,139.808
5000,7.2,0.1524,71.3,0.00752039,118.34299999999999
1250,0.0,0.1524,31.7,0.00209405,131.467
1600,9.5,0.0254,55.5,0.0043284,133.062
4000,0.0,0.2286,55.5,0.00229336,123.41
12500,1.5,0.3048,71.3,0.00336729,109.22200000000001
3150,11.2,0.0508,71.3,0.014072,127.141
800,0.0,0.3048,71.3,0.00266337,126.20100000000001
10000,4.8,0.0254,39.6,0.000907475,126.066
1250,3.3,0.1016,55.5,0.002211,132.769
630,0.0,0.1524,39.6,0.00193287,124.40299999999999
250,17.4,0.0254,31.7,0.017663099999999998,116.956
630,11.2,0.0508,71.3,0.014072,133.611
1600,7.3,0.2286,31.7,0.0132672,119.039
1250,4.0,0.3048,71.3,0.00497773,129.395
6300,4.0,0.2286,31.7,0.00509068,112.699
1250,3.0,0.3048,55.5,0.00452492,127.329
2000,0.0,0.0254,55.5,0.00041229,127.62299999999999
1250,0.0,0.3048,39.6,0.00310138,125.499
500,11.2,0.0508,71.3,0.014072,130.311
3150,0.0,0.0508,55.5,0.00076193,134.826
12500,0.0,0.3048,71.3,0.00266337,112.241
800,22.2,0.0254,39.6,0.022902799999999997,137.076
315,2.0,0.2286,39.6,0.00346574,120.137
2000,0.0,0.0254,39.6,0.00042846400000000004,130.026
5000,0.0,0.1016,31.7,0.00150092,124.39299999999999
2000,0.0,0.0508,39.6,0.000791822,132.918
800,6.7,0.1016,55.5,0.0052139,135.953
1000,17.4,0.0254,55.5,0.016570599999999998,126.001
4000,4.0,0.2286,55.5,0.0042861999999999996,120.654
800,0.0,0.1016,71.3,0.00121072,126.805
2000,17.4,0.0254,31.7,0.017663099999999998,124.35600000000001
630,15.4,0.0508,31.7,0.028985300000000002,124.685
400,0.0,0.2286,55.5,0.00229336,121.66
630,22.2,0.0254,39.6,0.022902799999999997,137.026
8000,17.4,0.0254,71.3,0.016104,115.46600000000001
2000,0.0,0.0254,31.7,0.000439472,130.697
4000,15.6,0.1016,71.3,0.0437259,113.29799999999999
2000,2.0,0.2286,39.6,0.00346574,122.79700000000001
800,15.4,0.0508,71.3,0.0264269,131.515
5000,9.5,0.0254,39.6,0.00449821,125.044
2500,0.0,0.2286,55.5,0.00229336,126.54
3150,9.9,0.1524,71.3,0.019300099999999997,116.84899999999999
6300,15.6,0.1016,39.6,0.0528487,104.204
1250,3.0,0.3048,39.6,0.00495741,125.802
1250,5.4,0.1524,71.3,0.00401199,134.111
2000,0.0,0.0508,71.3,0.000740478,131.06
200,9.5,0.0254,31.7,0.00461377,119.146
6300,0.0,0.3048,31.7,0.00331266,113.775
1600,4.2,0.0508,39.6,0.00152689,130.197
2500,22.2,0.0254,71.3,0.0214178,126.09700000000001
1600,22.2,0.0254,71.3,0.0214178,131.817
5000,1.5,0.3048,39.6,0.00392107,116.241
400,4.0,0.3048,71.3,0.00497773,129.575
8000,0.0,0.0508,39.6,0.000791822,128.518
800,6.7,0.1016,71.3,0.00478288,134.47799999999998
2000,4.2,0.0508,71.3,0.00142788,129.84799999999998
3150,5.4,0.1524,39.6,0.00485029,119.137
3150,12.6,0.1524,71.3,0.0483159,113.334
315,9.9,0.1524,31.7,0.0252785,128.809
10000,0.0,0.1016,55.5,0.00131983,121.93
1600,22.2,0.0254,39.6,0.022902799999999997,122.21600000000001
1250,4.0,0.2286,71.3,0.00400603,131.718
3150,15.4,0.0508,55.5,0.0271925,123.46
630,9.5,0.0254,55.5,0.0043284,125.45200000000001
2500,7.3,0.2286,71.3,0.010440399999999999,122.088
5000,15.4,0.0508,39.6,0.0282593,114.45299999999999
2500,0.0,0.1016,55.5,0.00131983,133.04
630,5.4,0.1524,71.3,0.00401199,128.971
2000,5.4,0.1524,55.5,0.00433288,128.707
1250,0.0,0.2286,31.7,0.0027238,128.805
4000,8.4,0.0508,55.5,0.00544854,122.61200000000001
4000,15.4,0.0508,71.3,0.0264269,122.675
5000,0.0,0.1524,39.6,0.00193287,123.45299999999999
630,2.0,0.2286,31.7,0.00372371,129.05700000000002
400,5.4,0.1524,39.6,0.00485029,127.637
630,2.0,0.2286,55.5,0.00313525,126.84200000000001
8000,0.0,0.3048,31.7,0.00331266,110.515
6300,9.5,0.0254,39.6,0.00449821,120.324
1600,3.0,0.3048,31.7,0.00529514,122.088
1000,7.2,0.1524,71.3,0.00752039,134.273
3150,4.8,0.0254,71.3,0.000848633,133.378
12500,0.0,0.1524,55.5,0.00172668,117.09299999999999
315,0.0,0.3048,39.6,0.00310138,122.779
4000,2.7,0.1524,71.3,0.00243851,126.53399999999999
250,9.9,0.1524,55.5,0.0208438,133.235
630,0.0,0.3048,55.5,0.00283081,127.696
250,22.2,0.0254,39.6,0.022902799999999997,117.38600000000001
1600,8.4,0.0508,55.5,0.00544854,133.032
6300,5.4,0.1524,31.7,0.00525474,115.59100000000001
12500,2.7,0.1524,71.3,0.00243851,113.03399999999999
16000,4.0,0.2286,71.3,0.00400603,112.76799999999999
800,9.9,0.1524,71.3,0.019300099999999997,128.879
315,17.4,0.0254,55.5,0.016570599999999998,111.911
6300,15.4,0.0508,39.6,0.0282593,109.663
1000,3.3,0.1016,31.7,0.00251435,133.012
1250,0.0,0.0254,31.7,0.000439472,127.947
1250,22.2,0.0254,71.3,0.0214178,140.987
315,7.2,0.1524,71.3,0.00752039,128.713
2000,4.8,0.0254,39.6,0.000907475,128.916
800,0.0,0.0508,39.6,0.000791822,126.508
6300,22.2,0.0254,71.3,0.0214178,123.12700000000001
1250,6.7,0.1016,55.5,0.0052139,136.88299999999998
3150,3.3,0.1016,31.7,0.00251435,128.252
315,12.7,0.0254,39.6,0.013025299999999998,123.537
500,9.5,0.0254,31.7,0.00461377,126.88600000000001
1000,0.0,0.2286,55.5,0.00229336,128.29
1600,5.3,0.2286,71.3,0.0051942,130.46
10000,12.7,0.0254,39.6,0.013025299999999998,116.01700000000001
500,15.4,0.0508,55.5,0.0271925,127.22
1250,12.6,0.1524,39.6,0.058411300000000006,112.16
2000,3.0,0.3048,31.7,0.00529514,120.088
5000,0.0,0.2286,39.6,0.00253511,122.175
1250,2.7,0.1524,71.3,0.00243851,130.144
630,17.4,0.0254,31.7,0.017663099999999998,136.886
250,7.2,0.1524,39.6,0.00909175,127.488
1000,17.4,0.0254,71.3,0.016104,125.816
1000,6.7,0.1016,31.7,0.00592927,131.636
2000,15.6,0.1016,71.3,0.0437259,119.88799999999999
6300,5.3,0.2286,71.3,0.0051942,116.92
2500,4.0,0.2286,31.7,0.00509068,120.209
2000,2.0,0.2286,71.3,0.00293031,126.896
250,0.0,0.3048,31.7,0.00331266,118.595
4000,3.0,0.3048,31.7,0.00529514,115.60799999999999
8000,4.0,0.2286,71.3,0.00400603,112.848
8000,7.2,0.1524,71.3,0.00752039,113.333
2500,1.5,0.3048,71.3,0.00336729,124.512
800,3.0,0.3048,71.3,0.00425727,129.494
315,15.6,0.1016,71.3,0.0437259,133.808
6300,0.0,0.3048,39.6,0.00310138,116.229
5000,0.0,0.2286,71.3,0.00214345,124.304
1250,17.4,0.0254,71.3,0.016104,126.35600000000001
2500,12.7,0.0254,71.3,0.012180799999999999,134.058
800,0.0,0.2286,31.7,0.0027238,130.725
2000,8.4,0.0508,71.3,0.00529514,134.476
2500,5.4,0.1524,39.6,0.00485029,120.49700000000001
800,7.3,0.2286,31.7,0.0132672,123.209
12500,0.0,0.0254,55.5,0.00041229,131.453
500,12.3,0.1016,31.7,0.0418756,118.667
400,0.0,0.2286,31.7,0.0027238,123.635
800,19.7,0.0508,39.6,0.036483999999999996,119.17399999999999
8000,0.0,0.0508,31.7,0.000812164,126.59
10000,0.0,0.0254,55.5,0.00041229,134.563
4000,4.8,0.0254,39.6,0.000907475,134.996
800,0.0,0.0508,55.5,0.00076193,124.336
315,17.4,0.0254,71.3,0.016104,115.846
8000,2.0,0.2286,71.3,0.00293031,115.99600000000001
8000,0.0,0.1016,55.5,0.00131983,124.45
2000,12.3,0.1016,39.6,0.0408268,114.085
1250,3.3,0.1016,31.7,0.00251435,134.02200000000002
3150,3.0,0.3048,39.6,0.00495741,118.92200000000001
5000,15.4,0.0508,55.5,0.0271925,117.11
1600,9.5,0.0254,39.6,0.00449821,131.184
6300,0.0,0.1524,71.3,0.0015988,125.427
6300,15.4,0.0508,31.7,0.028985300000000002,108.185
1000,0.0,0.1524,31.7,0.00209405,130.987
1000,7.3,0.2286,71.3,0.010440399999999999,126.838
3150,5.4,0.1524,31.7,0.00525474,118.291
5000,17.4,0.0254,31.7,0.017663099999999998,117.99600000000001
2500,4.8,0.0254,39.6,0.000907475,131.236
250,7.3,0.2286,39.6,0.0123481,131.889
4000,5.3,0.2286,39.6,0.00614329,115.801
5000,3.3,0.1016,39.6,0.00245138,122.37100000000001
630,0.0,0.1524,55.5,0.00172668,123.583
5000,12.3,0.1016,39.6,0.0408268,108.625
4000,0.0,0.3048,71.3,0.00266337,123.061
12500,0.0,0.0508,71.3,0.000740478,125.22
3150,0.0,0.1016,39.6,0.00146332,130.961
1600,4.2,0.0508,71.3,0.00142788,124.318
1000,12.7,0.0254,71.3,0.012180799999999999,131.69799999999998
6300,7.2,0.1524,39.6,0.00909175,112.68799999999999
4000,0.0,0.1524,55.5,0.00172668,127.23299999999999
500,0.0,0.2286,55.5,0.00229336,123.78
4000,8.4,0.0508,31.7,0.00580776,118.10600000000001
800,12.3,0.1016,71.3,0.033779199999999995,127.318
4000,9.9,0.1524,39.6,0.0233328,112.265
10000,4.0,0.2286,71.3,0.00400603,113.10799999999999
1250,12.6,0.1524,71.3,0.0483159,120.154
4000,9.9,0.1524,55.5,0.0208438,112.945
10000,7.2,0.1524,71.3,0.00752039,110.31299999999999
2500,9.9,0.1524,39.6,0.0233328,116.295
2500,0.0,0.2286,39.6,0.00253511,125.025
2500,7.2,0.1524,39.6,0.00909175,117.478
630,17.4,0.0254,39.6,0.0172206,124.514
6300,9.5,0.0254,71.3,0.00420654,127.24600000000001
2000,0.0,0.3048,31.7,0.00331266,122.375
200,7.3,0.2286,31.7,0.0132672,128.679
3150,0.0,0.0254,31.7,0.000439472,135.227
800,0.0,0.1016,55.5,0.00131983,127.92
2500,8.4,0.0508,31.7,0.00580776,125.57600000000001
1250,9.9,0.1524,71.3,0.019300099999999997,122.679
4000,8.4,0.0508,39.6,0.00566229,118.955
8000,4.2,0.0508,39.6,0.00152689,120.397
500,17.4,0.0254,71.3,0.016104,119.806
800,0.0,0.2286,55.5,0.00229336,127.53
2500,3.3,0.1016,71.3,0.00202822,133.894
630,1.5,0.3048,39.6,0.00392107,128.311
400,22.2,0.0254,71.3,0.0214178,117.927
500,3.0,0.3048,71.3,0.00425727,128.454
250,15.6,0.1016,71.3,0.0437259,132.158
500,8.9,0.1016,39.6,0.012459600000000001,133.79
2000,3.3,0.1016,71.3,0.00202822,134.034
400,19.7,0.0508,39.6,0.036483999999999996,130.614
2500,0.0,0.0508,39.6,0.000791822,134.938
800,4.8,0.0254,39.6,0.000907475,120.766
500,12.7,0.0254,39.6,0.013025299999999998,127.12700000000001
400,0.0,0.2286,39.6,0.00253511,123.565
500,17.4,0.0254,55.5,0.016570599999999998,119.62100000000001
2500,4.8,0.0254,31.7,0.0009307889999999999,132.588
500,12.3,0.1016,71.3,0.033779199999999995,140.158
630,0.0,0.1016,55.5,0.00131983,126.17
1000,22.2,0.0254,71.3,0.0214178,134.247
315,11.2,0.0508,39.6,0.015047799999999998,128.99
315,7.3,0.2286,39.6,0.0123481,132.149
2000,6.7,0.1016,39.6,0.00578076,122.235
6300,7.3,0.2286,71.3,0.010440399999999999,115.818
1250,5.4,0.1524,39.6,0.00485029,127.117
800,9.9,0.1524,55.5,0.0208438,126.565
4000,17.4,0.0254,39.6,0.0172206,122.72399999999999
3150,0.0,0.1016,31.7,0.00150092,129.97299999999998
1000,8.4,0.0508,39.6,0.00566229,130.195
1000,8.4,0.0508,55.5,0.00544854,130.722
2500,11.2,0.0508,71.3,0.014072,130.541
1000,4.0,0.3048,71.3,0.00497773,131.015
800,2.0,0.2286,39.6,0.00346574,129.037
2500,12.6,0.1524,71.3,0.0483159,115.234
3150,4.0,0.3048,39.6,0.00579636,118.743
1250,3.0,0.3048,71.3,0.00425727,127.634
200,19.7,0.0508,39.6,0.036483999999999996,125.97399999999999
630,7.2,0.1524,71.3,0.00752039,134.85299999999998
200,9.9,0.1524,39.6,0.0233328,127.315
400,9.9,0.1524,39.6,0.0233328,128.345
6300,15.4,0.0508,55.5,0.0271925,112.93
800,11.2,0.0508,39.6,0.015047799999999998,133.79
500,4.0,0.2286,71.3,0.00400603,126.758
1600,12.7,0.0254,71.3,0.012180799999999999,134.528
1600,12.3,0.1016,31.7,0.0418756,114.477
1600,15.4,0.0508,39.6,0.0282593,124.84299999999999
500,15.4,0.0508,71.3,0.0264269,127.285
1250,7.3,0.2286,39.6,0.0123481,123.189
500,5.4,0.1524,55.5,0.00433288,129.36700000000002
4000,4.0,0.2286,71.3,0.00400603,121.728
250,15.4,0.0508,55.5,0.0271925,124.17
250,4.0,0.3048,39.6,0.00579636,123.54299999999999
315,12.3,0.1016,31.7,0.0418756,124.71700000000001
315,17.4,0.0254,31.7,0.017663099999999998,118.416
3150,0.0,0.0254,55.5,0.00041229,130.503
6300,3.3,0.1016,39.6,0.00245138,120.851
2000,12.6,0.1524,71.3,0.0483159,117.50399999999999
250,9.5,0.0254,31.7,0.00461377,120.13600000000001
1600,5.4,0.1524,31.7,0.00525474,123.76100000000001
250,12.6,0.1524,39.6,0.058411300000000006,115.89
1000,9.9,0.1524,31.7,0.0252785,122.149
1600,3.3,0.1016,55.5,0.002211,133.649
12500,0.0,0.2286,71.3,0.00214345,117.624
8000,5.4,0.1524,55.5,0.00433288,114.927
16000,0.0,0.0254,31.7,0.000439472,125.62700000000001
630,9.5,0.0254,39.6,0.00449821,126.514
1600,6.7,0.1016,39.6,0.00578076,127.375
4000,3.3,0.1016,39.6,0.00245138,124.881
500,8.4,0.0508,55.5,0.00544854,123.742
200,15.4,0.0508,55.5,0.0271925,122.94
12500,1.5,0.3048,39.6,0.00392107,106.111
1600,0.0,0.1016,55.5,0.00131983,132.05
1000,8.9,0.1016,39.6,0.012459600000000001,129.58
800,2.7,0.1524,39.6,0.00294804,128.829
3150,0.0,0.3048,55.5,0.00283081,123.236
3150,3.3,0.1016,71.3,0.00202822,132.114
2000,4.8,0.0254,55.5,0.000873218,125.054
3150,4.0,0.2286,55.5,0.0042861999999999996,122.39399999999999
250,17.4,0.0254,55.5,0.016570599999999998,110.491
500,7.2,0.1524,71.3,0.00752039,132.043
630,3.0,0.3048,55.5,0.00452492,129.569
500,11.2,0.0508,39.6,0.015047799999999998,131.96
2500,0.0,0.2286,31.7,0.0027238,123.445
1250,8.9,0.1016,71.3,0.0103088,132.793
8000,1.5,0.3048,39.6,0.00392107,112.251
1250,0.0,0.3048,71.3,0.00266337,125.95100000000001
630,7.3,0.2286,39.6,0.0123481,128.929
500,2.0,0.2286,71.3,0.00293031,126.486
4000,4.8,0.0254,31.7,0.0009307889999999999,135.328
630,0.0,0.1524,31.7,0.00209405,125.99700000000001
3150,9.5,0.0254,31.7,0.00461377,128.536
5000,22.2,0.0254,71.3,0.0214178,125.727
3150,0.0,0.1524,55.5,0.00172668,127.75299999999999
630,0.0,0.1016,31.7,0.00150092,126.413
400,7.2,0.1524,39.6,0.00909175,132.118
500,0.0,0.1524,39.6,0.00193287,119.51299999999999
2000,3.0,0.3048,71.3,0.00425727,125.524
4000,1.5,0.3048,39.6,0.00392107,117.741
4000,22.2,0.0254,39.6,0.022902799999999997,119.646
2000,9.5,0.0254,71.3,0.00420654,134.976
1600,0.0,0.3048,71.3,0.00266337,127.59100000000001
1600,0.0,0.1016,71.3,0.00121072,131.725
5000,5.4,0.1524,71.3,0.00401199,120.061
2000,0.0,0.1524,39.6,0.00193287,129.63299999999998
200,12.6,0.1524,39.6,0.058411300000000006,114.75
315,0.0,0.3048,31.7,0.00331266,122.765
10000,4.0,0.3048,71.3,0.00497773,110.905
8000,0.0,0.0508,71.3,0.000740478,130.89
3150,0.0,0.1524,71.3,0.0015988,129.377
12500,4.8,0.0254,71.3,0.000848633,127.68799999999999
1250,1.5,0.3048,71.3,0.00336729,125.87200000000001
4000,3.3,0.1016,71.3,0.00202822,128.704
2000,0.0,0.3048,39.6,0.00310138,123.689
250,9.9,0.1524,71.3,0.019300099999999997,135.329
3150,7.3,0.2286,39.6,0.0123481,114.309
200,17.4,0.0254,71.3,0.016104,112.506
2000,15.4,0.0508,39.6,0.0282593,123.443
630,9.5,0.0254,31.7,0.00461377,129.006
4000,2.0,0.2286,39.6,0.00346574,120.227
1600,9.5,0.0254,31.7,0.00461377,131.036
630,5.3,0.2286,71.3,0.0051942,131.8
12500,0.0,0.0508,31.7,0.000812164,119.07
630,9.5,0.0254,71.3,0.00420654,125.726
10000,3.3,0.1016,39.6,0.00245138,115.321
1250,0.0,0.0508,71.3,0.000740478,128.56
2000,12.7,0.0254,39.6,0.013025299999999998,129.567
630,5.3,0.2286,39.6,0.00614329,132.011
6300,1.5,0.3048,71.3,0.00336729,118.12200000000001
8000,0.0,0.0254,31.7,0.000439472,137.207
1000,2.0,0.2286,31.7,0.00372371,130.30700000000002
200,9.9,0.1524,31.7,0.0252785,127.29899999999999
2000,0.0,0.2286,71.3,0.00214345,128.244
6300,0.0,0.1016,31.7,0.00150092,124.25299999999999
5000,8.4,0.0508,71.3,0.00529514,121.146
5000,4.0,0.2286,71.3,0.00400603,121.118
1600,8.4,0.0508,31.7,0.00580776,129.296
5000,5.4,0.1524,31.7,0.00525474,115.691
6300,0.0,0.0254,55.5,0.00041229,136.10299999999998
2000,8.4,0.0508,31.7,0.00580776,127.686
4000,0.0,0.1016,71.3,0.00121072,130.935
1250,8.4,0.0508,55.5,0.00544854,132.252
1250,12.7,0.0254,71.3,0.012180799999999999,133.048
6300,3.3,0.1016,31.7,0.00251435,120.70200000000001
200,15.4,0.0508,31.7,0.028985300000000002,119.975
630,12.7,0.0254,71.3,0.012180799999999999,128.878
6300,12.3,0.1016,39.6,0.0408268,107.985
2000,12.3,0.1016,55.5,0.0368233,118.564
1000,12.3,0.1016,55.5,0.0368233,125.484
1250,0.0,0.2286,55.5,0.00229336,127.91
2000,5.3,0.2286,71.3,0.0051942,125.89
2500,2.0,0.2286,31.7,0.00372371,121.40700000000001
3150,8.4,0.0508,39.6,0.00566229,123.965
315,1.5,0.3048,39.6,0.00392107,121.851
400,2.0,0.2286,39.6,0.00346574,122.147
2500,8.9,0.1016,71.3,0.0103088,123.62299999999999
1600,3.3,0.1016,31.7,0.00251435,133.40200000000002
12500,0.0,0.0254,71.3,0.00040068199999999997,133.207
1000,0.0,0.1524,39.6,0.00193287,130.033
1250,5.3,0.2286,71.3,0.0051942,133.38
1250,0.0,0.1524,39.6,0.00193287,131.023
200,17.4,0.0254,31.7,0.017663099999999998,116.146
315,15.4,0.0508,55.5,0.0271925,125.39
400,5.4,0.1524,31.7,0.00525474,127.781
400,9.9,0.1524,55.5,0.0208438,131.605
2000,17.4,0.0254,39.6,0.0172206,126.64399999999999
315,8.9,0.1016,39.6,0.012459600000000001,135.38
800,3.3,0.1016,31.7,0.00251435,131.362
6300,0.0,0.1016,55.5,0.00131983,127.73
6300,0.0,0.0508,55.5,0.00076193,132.796
6300,0.0,0.1016,39.6,0.00146332,125.631
800,5.3,0.2286,71.3,0.0051942,133.48
1250,11.2,0.0508,39.6,0.015047799999999998,130.05
1000,9.5,0.0254,31.7,0.00461377,131.346
3150,4.0,0.2286,39.6,0.00473801,120.419
1600,11.2,0.0508,39.6,0.015047799999999998,126.54
1000,0.0,0.2286,39.6,0.00253511,130.435
630,4.0,0.3048,39.6,0.00579636,131.07299999999998
8000,2.7,0.1524,39.6,0.00294804,116.65899999999999
1600,0.0,0.0508,39.6,0.000791822,130.908
6300,0.0,0.3048,55.5,0.00283081,117.976
1250,4.0,0.2286,31.7,0.00509068,128.119
1000,5.4,0.1524,55.5,0.00433288,132.127
10000,0.0,0.1524,55.5,0.00172668,119.25299999999999
800,15.4,0.0508,31.7,0.028985300000000002,125.555
6300,5.3,0.2286,39.6,0.00614329,112.541
5000,4.0,0.3048,71.3,0.00497773,117.785
4000,0.0,0.2286,39.6,0.00253511,123.465
630,15.6,0.1016,39.6,0.0528487,118.084
1600,0.0,0.1524,31.7,0.00209405,130.817
3150,4.2,0.0508,39.6,0.00152689,133.58700000000002
8000,0.0,0.0254,55.5,0.00041229,136.16299999999998
5000,0.0,0.0508,71.3,0.000740478,134.43
10000,2.7,0.1524,71.3,0.00243851,116.72399999999999
400,17.4,0.0254,55.5,0.016570599999999998,115.461
3150,2.0,0.2286,71.3,0.00293031,126.116
6300,0.0,0.2286,55.5,0.00229336,118.41
500,12.7,0.0254,71.3,0.012180799999999999,126.898
1250,9.5,0.0254,39.6,0.00449821,130.964
20000,0.0,0.0254,71.3,0.00040068199999999997,123.21700000000001
1600,12.6,0.1524,39.6,0.058411300000000006,110.78
1000,5.3,0.2286,39.6,0.00614329,125.581
5000,3.3,0.1016,31.7,0.00251435,122.08200000000001
4000,0.0,0.3048,55.5,0.00283081,121.10600000000001
4000,0.0,0.0508,31.7,0.000812164,134.11
6300,3.0,0.3048,71.3,0.00425727,116.134
5000,7.2,0.1524,39.6,0.00909175,113.288
2500,15.6,0.1016,71.3,0.0437259,118.99799999999999
2000,6.7,0.1016,71.3,0.00478288,134.56799999999998
800,0.0,0.3048,39.6,0.00310138,129.099
1250,9.9,0.1524,55.5,0.0208438,121.635
1250,6.7,0.1016,39.6,0.00578076,132.395
315,0.0,0.2286,55.5,0.00229336,119.54
250,12.7,0.0254,71.3,0.012180799999999999,119.698
1000,3.0,0.3048,71.3,0.00425727,129.004
2000,1.5,0.3048,71.3,0.00336729,126.64200000000001
8000,0.0,0.2286,71.3,0.00214345,118.024
1600,0.0,0.2286,31.7,0.0027238,125.625
1600,4.0,0.3048,39.6,0.00579636,123.213
2500,4.8,0.0254,55.5,0.000873218,129.144
1600,4.0,0.2286,31.7,0.00509068,125.229
16000,0.0,0.0254,39.6,0.00042846400000000004,124.986
1000,17.4,0.0254,39.6,0.0172206,138.274
10000,0.0,0.0508,39.6,0.000791822,125.99799999999999
1250,4.2,0.0508,39.6,0.00152689,128.42700000000002
2500,9.9,0.1524,55.5,0.0208438,118.365
1600,9.9,0.1524,71.3,0.019300099999999997,121.789
800,3.3,0.1016,39.6,0.00245138,129.991
630,0.0,0.3048,31.7,0.00331266,129.095
500,22.2,0.0254,39.6,0.022902799999999997,129.776
3150,11.2,0.0508,39.6,0.015047799999999998,119.67
400,15.4,0.0508,31.7,0.028985300000000002,123.705
500,8.4,0.0508,39.6,0.00566229,122.905
12500,0.0,0.0254,39.6,0.00042846400000000004,129.116
4000,17.4,0.0254,55.5,0.016570599999999998,121.771
4000,2.0,0.2286,71.3,0.00293031,124.086
6300,4.0,0.2286,55.5,0.0042861999999999996,117.154
630,8.4,0.0508,55.5,0.00544854,126.152
4000,9.9,0.1524,71.3,0.019300099999999997,115.079
800,8.4,0.0508,31.7,0.00580776,128.246
4000,4.2,0.0508,71.3,0.00142788,133.59799999999998
315,4.0,0.2286,31.7,0.00509068,123.609
2500,2.0,0.2286,39.6,0.00346574,121.397
6300,17.4,0.0254,71.3,0.016104,119.916
6300,4.0,0.3048,71.3,0.00497773,116.165
2000,4.0,0.3048,71.3,0.00497773,124.395
800,8.4,0.0508,39.6,0.00566229,128.435
315,12.6,0.1524,39.6,0.058411300000000006,116.02
4000,12.7,0.0254,39.6,0.013025299999999998,126.537
1000,12.3,0.1016,39.6,0.0408268,122.435
400,12.3,0.1016,71.3,0.033779199999999995,139.428
5000,0.0,0.3048,55.5,0.00283081,119.60600000000001
800,2.0,0.2286,55.5,0.00313525,128.49200000000002
2000,0.0,0.1524,31.7,0.00209405,128.907
3150,15.6,0.1016,71.3,0.0437259,116.46799999999999
5000,0.0,0.1016,71.3,0.00121072,130.795
4000,8.4,0.0508,71.3,0.00529514,126.926
2500,9.5,0.0254,39.6,0.00449821,131.234
1600,6.7,0.1016,31.7,0.00592927,124.346
3150,5.4,0.1524,71.3,0.00401199,123.311
315,12.3,0.1016,39.6,0.0408268,129.415
250,9.9,0.1524,39.6,0.0233328,128.335
2000,12.7,0.0254,71.3,0.012180799999999999,134.22799999999998
1000,3.3,0.1016,39.6,0.00245138,131.971
250,15.4,0.0508,71.3,0.0264269,124.835
6300,7.2,0.1524,71.3,0.00752039,116.603
630,4.0,0.3048,71.3,0.00497773,131.615
4000,0.0,0.1524,31.7,0.00209405,123.807
1250,0.0,0.1524,55.5,0.00172668,129.953
2500,8.4,0.0508,71.3,0.00529514,134.226
800,0.0,0.1016,31.7,0.00150092,129.053
2000,19.7,0.0508,39.6,0.036483999999999996,117.72399999999999
1250,2.0,0.2286,39.6,0.00346574,128.257
1600,2.7,0.1524,71.3,0.00243851,130.644
4000,5.4,0.1524,39.6,0.00485029,117.137
3150,15.4,0.0508,39.6,0.0282593,120.51299999999999
16000,0.0,0.2286,71.3,0.00214345,114.984
315,3.0,0.3048,31.7,0.00529514,123.118
2000,15.4,0.0508,71.3,0.0264269,129.285
8000,2.7,0.1524,71.3,0.00243851,120.53399999999999
400,17.4,0.0254,31.7,0.017663099999999998,120.766
500,5.3,0.2286,71.3,0.0051942,129.88
6300,2.0,0.2286,39.6,0.00346574,116.417
6300,5.4,0.1524,39.6,0.00485029,116.677
4000,7.3,0.2286,71.3,0.010440399999999999,119.208
2000,15.4,0.0508,55.5,0.0271925,127.04
3150,17.4,0.0254,55.5,0.016570599999999998,124.101
1600,9.9,0.1524,39.6,0.0233328,118.545
3150,3.3,0.1016,55.5,0.002211,130.629
4000,4.8,0.0254,55.5,0.000873218,133.924
1600,12.3,0.1016,39.6,0.0408268,117.875
10000,0.0,0.0508,31.7,0.000812164,122.45
2000,0.0,0.2286,39.6,0.00253511,125.305
2000,4.8,0.0254,31.7,0.0009307889999999999,130.148
20000,4.0,0.2286,71.3,0.00400603,109.63799999999999
4000,7.2,0.1524,71.3,0.00752039,119.34299999999999
2500,15.4,0.0508,39.6,0.0282593,122.413
10000,0.0,0.0254,71.3,0.00040068199999999997,130.787
1000,7.2,0.1524,39.6,0.00909175,128.338
1250,0.0,0.1524,71.3,0.0015988,128.92700000000002
630,9.9,0.1524,31.7,0.0252785,126.04899999999999
6300,9.5,0.0254,55.5,0.0043284,124.22200000000001
500,15.6,0.1016,39.6,0.0528487,115.304
3150,22.2,0.0254,71.3,0.0214178,124.12700000000001
5000,0.0,0.0508,39.6,0.000791822,134.308
630,3.0,0.3048,71.3,0.00425727,129.35399999999998
400,2.0,0.2286,71.3,0.00293031,125.116
2000,3.3,0.1016,39.6,0.00245138,132.30100000000002
800,12.7,0.0254,39.6,0.013025299999999998,130.217
1250,9.5,0.0254,71.3,0.00420654,131.656
400,12.7,0.0254,39.6,0.013025299999999998,125.527
630,7.2,0.1524,39.6,0.00909175,133.19799999999998
3150,3.3,0.1016,39.6,0.00245138,128.401
5000,0.0,0.1524,71.3,0.0015988,126.45700000000001
3150,4.8,0.0254,55.5,0.000873218,132.35399999999998
2000,3.0,0.3048,39.6,0.00495741,120.53200000000001
1000,19.7,0.0508,71.3,0.034118300000000004,121.885
1000,2.7,0.1524,39.6,0.00294804,130.589
4000,11.2,0.0508,71.3,0.014072,122.471
630,17.4,0.0254,71.3,0.016104,122.60600000000001
200,9.5,0.0254,39.6,0.00449821,116.074
1000,4.0,0.2286,31.7,0.00509068,129.869
250,12.6,0.1524,71.3,0.0483159,129.744
6300,3.0,0.3048,39.6,0.00495741,114.042
800,0.0,0.1524,39.6,0.00193287,127.90299999999999
800,11.2,0.0508,71.3,0.014072,136.031
1000,7.3,0.2286,31.7,0.0132672,119.09899999999999
5000,9.5,0.0254,71.3,0.00420654,131.186
630,7.3,0.2286,55.5,0.011170600000000001,130.934
400,17.4,0.0254,39.6,0.0172206,115.444
5000,5.3,0.2286,39.6,0.00614329,115.311
1000,3.3,0.1016,71.3,0.00202822,131.434
6300,3.0,0.3048,55.5,0.00452492,115.679
1250,9.5,0.0254,55.5,0.0043284,132.202
1600,7.3,0.2286,71.3,0.010440399999999999,125.728
1600,4.8,0.0254,31.7,0.0009307889999999999,128.718
500,8.4,0.0508,31.7,0.00580776,122.96600000000001
1250,12.3,0.1016,55.5,0.0368233,124.214
3150,1.5,0.3048,39.6,0.00392107,119.111
2000,0.0,0.2286,31.7,0.0027238,123.455
6300,2.7,0.1524,39.6,0.00294804,119.209
1600,8.4,0.0508,39.6,0.00566229,130.965
2000,9.9,0.1524,39.6,0.0233328,117.925
400,17.4,0.0254,71.3,0.016104,117.396
2500,0.0,0.3048,55.5,0.00283081,124.10600000000001
1250,19.7,0.0508,39.6,0.036483999999999996,118.634
400,8.9,0.1016,39.6,0.012459600000000001,135.54
4000,2.0,0.2286,31.7,0.00372371,120.527
2500,8.9,0.1016,39.6,0.012459600000000001,119.19
1600,8.9,0.1016,71.3,0.0103088,128.763
800,19.7,0.0508,71.3,0.034118300000000004,124.555
5000,0.0,0.0254,71.3,0.00040068199999999997,136.83700000000002
2500,3.3,0.1016,55.5,0.002211,132.889
1250,17.4,0.0254,31.7,0.017663099999999998,128.306
2000,4.0,0.3048,39.6,0.00579636,120.963
1250,12.3,0.1016,71.3,0.033779199999999995,126.648
500,0.0,0.2286,31.7,0.0027238,126.675
3150,0.0,0.3048,71.3,0.00266337,125.20100000000001
800,5.4,0.1524,39.6,0.00485029,132.757
400,12.6,0.1524,71.3,0.0483159,127.094
2500,15.4,0.0508,55.5,0.0271925,125.63
10000,1.5,0.3048,71.3,0.00336729,113.492
800,3.0,0.3048,31.7,0.00529514,128.708
4000,4.0,0.2286,39.6,0.00473801,119.15899999999999
1250,2.0,0.2286,71.3,0.00293031,128.816
250,8.9,0.1016,39.6,0.012459600000000001,134.34
1250,3.0,0.3048,31.7,0.00529514,124.838
8000,4.8,0.0254,71.3,0.000848633,131.518
800,0.0,0.1524,71.3,0.0015988,125.81700000000001
1000,9.9,0.1524,71.3,0.019300099999999997,126.34899999999999
6300,9.5,0.0254,31.7,0.00461377,120.726
2500,11.2,0.0508,39.6,0.015047799999999998,122.17
2500,3.0,0.3048,31.7,0.00529514,119.598
8000,0.0,0.3048,55.5,0.00283081,116.476
5000,9.9,0.1524,71.3,0.019300099999999997,114.569
500,22.2,0.0254,71.3,0.0214178,117.96700000000001
500,9.5,0.0254,55.5,0.0043284,123.08200000000001
400,9.9,0.1524,71.3,0.019300099999999997,135.079
3150,15.6,0.1016,39.6,0.0528487,109.25399999999999
1000,9.5,0.0254,39.6,0.00449821,130.374
200,15.6,0.1016,71.3,0.0437259,130.898
1600,7.2,0.1524,71.3,0.00752039,130.893
4000,3.0,0.3048,55.5,0.00452492,118.689
2500,0.0,0.1524,31.7,0.00209405,125.867
1000,5.4,0.1524,71.3,0.00401199,133.201
6300,9.9,0.1524,31.7,0.0252785,108.689
2500,0.0,0.1016,31.7,0.00150092,132.003
1600,4.0,0.3048,71.3,0.00497773,126.645
500,0.0,0.1524,55.5,0.00172668,120.573
2500,4.0,0.3048,39.6,0.00579636,120.23299999999999
1000,0.0,0.1016,71.3,0.00121072,128.825
800,3.3,0.1016,71.3,0.00202822,131.07399999999998
5000,0.0,0.0508,55.5,0.00076193,134.556
315,9.9,0.1524,55.5,0.0208438,132.355
2000,4.8,0.0254,71.3,0.000848633,128.398
250,15.4,0.0508,31.7,0.028985300000000002,121.225
315,0.0,0.2286,39.6,0.00253511,121.055
1600,17.4,0.0254,39.6,0.0172206,127.61399999999999
800,0.0,0.3048,55.5,0.00283081,128.086
10000,3.0,0.3048,71.3,0.00425727,110.22399999999999
4000,0.0,0.1016,31.7,0.00150092,126.93299999999999
5000,5.4,0.1524,55.5,0.00433288,118.757
16000,0.0,0.0254,71.3,0.00040068199999999997,130.477
3150,9.5,0.0254,71.3,0.00420654,136.166
5000,12.6,0.1524,71.3,0.0483159,108.03399999999999
630,12.3,0.1016,55.5,0.0368233,124.244
1600,8.9,0.1016,39.6,0.012459600000000001,123.82
400,15.6,0.1016,39.6,0.0528487,120.484
6300,12.7,0.0254,71.3,0.012180799999999999,125.398
1600,0.0,0.0508,31.7,0.000812164,131.01
2500,8.4,0.0508,55.5,0.00544854,131.542
2000,3.3,0.1016,55.5,0.002211,133.649
500,15.6,0.1016,71.3,0.0437259,130.638
1250,9.9,0.1524,31.7,0.0252785,118.619
630,4.0,0.2286,31.7,0.00509068,130.349
10000,0.0,0.1524,71.3,0.0015988,120.24700000000001
800,15.6,0.1016,71.3,0.0437259,124.18799999999999
8000,0.0,0.0508,55.5,0.00076193,130.156
800,15.4,0.0508,39.6,0.0282593,128.423
500,4.8,0.0254,39.6,0.000907475,116.366
6300,3.3,0.1016,71.3,0.00202822,124.904
20000,0.0,0.0254,55.5,0.00041229,121.93299999999999
315,22.2,0.0254,39.6,0.022902799999999997,120.71600000000001
800,3.0,0.3048,39.6,0.00495741,129.55200000000002
200,12.3,0.1016,31.7,0.0418756,124.98700000000001
1600,2.7,0.1524,39.6,0.00294804,130.049
4000,7.3,0.2286,39.6,0.0123481,114.079
5000,4.8,0.0254,71.3,0.000848633,135.468
2000,3.3,0.1016,31.7,0.00251435,131.642
1250,7.2,0.1524,39.6,0.00909175,122.428
250,5.3,0.2286,39.6,0.00614329,127.01100000000001
800,12.3,0.1016,39.6,0.0408268,122.315
2000,19.7,0.0508,71.3,0.034118300000000004,120.055
4000,12.3,0.1016,71.3,0.033779199999999995,118.01799999999999
630,12.7,0.0254,39.6,0.013025299999999998,128.86700000000002
800,9.9,0.1524,39.6,0.0233328,126.345
250,0.0,0.3048,39.6,0.00310138,119.319
2500,3.0,0.3048,55.5,0.00452492,122.439
12500,0.0,0.0508,55.5,0.00076193,125.376
2500,5.3,0.2286,39.6,0.00614329,116.15100000000001
8000,4.8,0.0254,39.6,0.000907475,131.346
5000,4.0,0.3048,39.6,0.00579636,113.73299999999999
